sample_id,candidate_id,split,track,realized_utility,utility_mask,flow_reward,proxy_reward,holdout
01f41287b5cfe4612c0acecc956af3d667e4fb91d05d195e026d7b49238eddd5,0,train,news_technical,0.01527043,1.0,0.050211936,0.4042884469032287,True
01f41287b5cfe4612c0acecc956af3d667e4fb91d05d195e026d7b49238eddd5,1,train,news_technical,0.01527043,1.0,0.048906676,0.6042884469032288,True
01f41287b5cfe4612c0acecc956af3d667e4fb91d05d195e026d7b49238eddd5,2,train,news_technical,0.01527043,1.0,0.050618105,0.3900165125727654,True
0823f6e27e7cb17dce34e33a33946ecf554a30dd7c1dfe6232ae9c6f7f56806a,0,train,news_technical,-0.0,1.0,0.051179633,0.6116060152649879,False
0823f6e27e7cb17dce34e33a33946ecf554a30dd7c1dfe6232ae9c6f7f56806a,1,train,news_technical,-0.0,1.0,0.052705236,0.4116060152649879,False
0823f6e27e7cb17dce34e33a33946ecf554a30dd7c1dfe6232ae9c6f7f56806a,2,train,news_technical,-0.0,1.0,0.04832216,0.6042917430400848,False
0bcbb72d9d05be6652a704db8455c1bd27771dee9f52d26b337b842c1e5b5044,0,train,technical_only,-0.008247115,1.0,0.048939783,0.4695676676928997,False
0bcbb72d9d05be6652a704db8455c1bd27771dee9f52d26b337b842c1e5b5044,1,train,technical_only,-0.008247115,1.0,0.050282754,0.4695676676928997,False
0bcbb72d9d05be6652a704db8455c1bd27771dee9f52d26b337b842c1e5b5044,2,train,technical_only,-0.008247115,1.0,0.048369706,0.4695676676928997,False
0f50c0612443e421d968bcd82f853d90899a2b1d9063adeff2bedc5619ff2e25,0,train,news_technical,-0.0,1.0,0.05730964,0.5944971546530724,False
0f50c0612443e421d968bcd82f853d90899a2b1d9063adeff2bedc5619ff2e25,1,train,news_technical,-0.0,1.0,0.05811537,0.5970714636147022,False
0f50c0612443e421d968bcd82f853d90899a2b1d9063adeff2bedc5619ff2e25,2,train,news_technical,-0.0,1.0,0.05830358,0.5970714636147022,False
120a2760bfd1b95f3de438157596d307fb414d2a1df3eb2c8b384599c038d86f,0,train,news_technical,0.0,1.0,0.04702956,0.4412884473800659,True
120a2760bfd1b95f3de438157596d307fb414d2a1df3eb2c8b384599c038d86f,1,train,news_technical,0.0,1.0,0.046975147,0.4412884473800659,True
120a2760bfd1b95f3de438157596d307fb414d2a1df3eb2c8b384599c038d86f,2,train,news_technical,0.0,1.0,0.04702956,0.4412884473800659,True
1306e021e652513d8d3105d883b48bc6e838edb5dbc8cee020078b2c67e39b7e,0,train,news_technical,-0.0014018095,1.0,0.04641804,0.5583176724612713,False
1306e021e652513d8d3105d883b48bc6e838edb5dbc8cee020078b2c67e39b7e,1,train,news_technical,-0.0014018095,1.0,0.046468534,0.5356274209916592,False
1306e021e652513d8d3105d883b48bc6e838edb5dbc8cee020078b2c67e39b7e,2,train,news_technical,-0.0014018095,1.0,0.046080627,0.5583176724612713,False
152b9b744dd21325f0bbaff0d1736fa4f29ad152794c182ad5dccfe7d608bd65,0,train,news_technical,-0.0,1.0,0.059278414,0.5599041312932969,True
152b9b744dd21325f0bbaff0d1736fa4f29ad152794c182ad5dccfe7d608bd65,1,train,news_technical,0.014561322,1.0,0.059321623,0.5799781203269958,True
152b9b744dd21325f0bbaff0d1736fa4f29ad152794c182ad5dccfe7d608bd65,2,train,news_technical,-0.0,1.0,0.059924513,0.5599041312932969,True
172b1f2b8bd1c86f10103b53596f859579392992b75190d5ee691db859533c14,0,train,news_technical,0.0,1.0,0.04776938,0.6410381324589253,False
172b1f2b8bd1c86f10103b53596f859579392992b75190d5ee691db859533c14,1,train,news_technical,0.0,1.0,0.04776938,0.6410381324589253,False
172b1f2b8bd1c86f10103b53596f859579392992b75190d5ee691db859533c14,2,train,news_technical,0.0,1.0,0.04812135,0.6410381324589253,False
1b8be4551d7459e248780b656d47d1be3bb77ccce2c6f82fd30016f030c4d6fe,0,train,news_technical,0.00083778717,1.0,0.05112055,0.4426541298627853,True
1b8be4551d7459e248780b656d47d1be3bb77ccce2c6f82fd30016f030c4d6fe,1,train,news_technical,0.00083778717,1.0,0.05112055,0.4426541298627853,True
1b8be4551d7459e248780b656d47d1be3bb77ccce2c6f82fd30016f030c4d6fe,2,train,news_technical,0.00083778717,1.0,0.051364392,0.4426541298627853,True
1c4669d945d57e0c75e4d25da38ab415fe4b2ed38eac178195ffa50c1c523345,0,train,news_technical,-0.0,1.0,0.052430917,0.4397998243570328,False
1c4669d945d57e0c75e4d25da38ab415fe4b2ed38eac178195ffa50c1c523345,1,train,news_technical,-0.0,1.0,0.052430917,0.4397998243570328,False
1c4669d945d57e0c75e4d25da38ab415fe4b2ed38eac178195ffa50c1c523345,2,train,news_technical,-0.0,1.0,0.052348353,0.5397998243570328,False
1d0ec5c3e7f22d6bbcc5e6063be15ad58d7a5f20fd022e493c9ad0fd94eb1912,0,train,news_technical,0.00033387472,1.0,0.037933238,0.6403457731008529,False
1d0ec5c3e7f22d6bbcc5e6063be15ad58d7a5f20fd022e493c9ad0fd94eb1912,1,train,news_technical,0.00033387472,1.0,0.037933238,0.6403457731008529,False
1d0ec5c3e7f22d6bbcc5e6063be15ad58d7a5f20fd022e493c9ad0fd94eb1912,2,train,news_technical,0.00033387472,1.0,0.03742657,0.6485683351755143,False
1dc17a41fe606dcd81f1d7e3a43a24f919edef3fe7ccd74de0c848f73b1bfdf3,0,train,news_technical,0.0,1.0,0.04353149,0.4537683054804802,True
1dc17a41fe606dcd81f1d7e3a43a24f919edef3fe7ccd74de0c848f73b1bfdf3,1,train,news_technical,0.0,1.0,0.04353149,0.4537683054804802,True
1dc17a41fe606dcd81f1d7e3a43a24f919edef3fe7ccd74de0c848f73b1bfdf3,2,train,news_technical,0.0,1.0,0.04353149,0.4537683054804802,True
20747658f96cdf8c29f57ba6c8fd5f79c55ed53c05370850df0533521541f194,0,train,news_technical,-0.0,1.0,0.046225343,0.5759553238749504,False
20747658f96cdf8c29f57ba6c8fd5f79c55ed53c05370850df0533521541f194,1,train,news_technical,-0.0,1.0,0.046225343,0.5759553238749504,False
20747658f96cdf8c29f57ba6c8fd5f79c55ed53c05370850df0533521541f194,2,train,news_technical,-0.0,1.0,0.045938224,0.5759553238749504,False
20a655b2240288b801e32fab2fa5b226aeca2cd06b634795757ba3c35cda106e,0,train,news_technical,0.0,1.0,0.048974622,0.4308516927063465,False
20a655b2240288b801e32fab2fa5b226aeca2cd06b634795757ba3c35cda106e,1,train,news_technical,0.0,1.0,0.04989416,0.460777273774147,False
20a655b2240288b801e32fab2fa5b226aeca2cd06b634795757ba3c35cda106e,2,train,news_technical,0.0,1.0,0.049492177,0.4226721718907356,False
212cbf11c2672f7f3bca0ac6e06f6890fe8815b716915ab20be5f5b0917e6514,0,train,news_technical,-0.007486154,1.0,0.055262577,0.6361233696341515,False
212cbf11c2672f7f3bca0ac6e06f6890fe8815b716915ab20be5f5b0917e6514,1,train,news_technical,-0.007486154,1.0,0.0553664,0.6266217827796936,False
212cbf11c2672f7f3bca0ac6e06f6890fe8815b716915ab20be5f5b0917e6514,2,train,news_technical,-0.007486154,1.0,0.05531853,0.625529371201992,False
225f92b6baff27dfcc63100b4ecdfbcaff09bb616068a1f2273d35bf09489d9f,0,train,news_technical,0.0,1.0,0.045340627,0.4858155064284801,False
225f92b6baff27dfcc63100b4ecdfbcaff09bb616068a1f2273d35bf09489d9f,1,train,news_technical,0.0,1.0,0.045860875,0.4737495044246316,False
225f92b6baff27dfcc63100b4ecdfbcaff09bb616068a1f2273d35bf09489d9f,2,train,news_technical,0.0,1.0,0.045340627,0.4858155064284801,False
25b3cfa378c45d404418bcba0c511850f1d6e3ce3edf02ed2d7953835520c9e9,0,train,news_technical,0.0,1.0,0.049117938,0.5836748301982879,False
25b3cfa378c45d404418bcba0c511850f1d6e3ce3edf02ed2d7953835520c9e9,1,train,news_technical,0.0,1.0,0.049137324,0.6009018458425999,False
25b3cfa378c45d404418bcba0c511850f1d6e3ce3edf02ed2d7953835520c9e9,2,train,news_technical,0.0,1.0,0.048323117,0.5944100670516491,False
2a3373a5f1f03e56472fb71edfec0001cda9595d91231712f33f5a118abaaafe,0,train,news_technical,-0.0,1.0,0.052350786,0.4069930925965309,False
2a3373a5f1f03e56472fb71edfec0001cda9595d91231712f33f5a118abaaafe,1,train,news_technical,-0.0,1.0,0.05303369,0.5186274938285351,False
2a3373a5f1f03e56472fb71edfec0001cda9595d91231712f33f5a118abaaafe,2,train,news_technical,-0.0,1.0,0.05212282,0.4125350646674633,False
2f249fc700c9ebce86e6fea8fae01b4ca5c4bab1dd6e6682a57cca1e8cea2224,0,train,news_technical,0.0,1.0,0.04424619,0.6288190633058548,False
2f249fc700c9ebce86e6fea8fae01b4ca5c4bab1dd6e6682a57cca1e8cea2224,1,train,news_technical,0.0,1.0,0.044980817,0.6275243505835533,False
2f249fc700c9ebce86e6fea8fae01b4ca5c4bab1dd6e6682a57cca1e8cea2224,2,train,news_technical,0.0,1.0,0.045038257,0.6114349707961082,False
32d6efea7912d71d8be700eec37b7dae367409727a6c8cd5154e97c24e8d8459,0,train,news_technical,0.01113085,1.0,0.04573895,0.5793618321418762,False
32d6efea7912d71d8be700eec37b7dae367409727a6c8cd5154e97c24e8d8459,1,train,news_technical,0.01113085,1.0,0.045296513,0.6857666999101639,False
32d6efea7912d71d8be700eec37b7dae367409727a6c8cd5154e97c24e8d8459,2,train,news_technical,0.01113085,1.0,0.044973087,0.5902448296546936,False
3459412f7c0c9d94136eb3230e88d888b368c025ca7415239f6372d57c482abb,0,train,news_technical,-0.0,1.0,0.056597974,0.5278696909546852,False
3459412f7c0c9d94136eb3230e88d888b368c025ca7415239f6372d57c482abb,1,train,news_technical,-0.0,1.0,0.05639001,0.5291594132781029,False
3459412f7c0c9d94136eb3230e88d888b368c025ca7415239f6372d57c482abb,2,train,news_technical,-0.0,1.0,0.056048498,0.5278696909546852,False
360cdfd55d29dc3f4cb07143b570a50df389b0bd41da94c8c90ff11ebba86fb6,0,train,news_technical,-0.003978727,1.0,0.042016983,0.5502450447529554,False
360cdfd55d29dc3f4cb07143b570a50df389b0bd41da94c8c90ff11ebba86fb6,1,train,news_technical,-0.003978727,1.0,0.041717723,0.5502450447529554,False
360cdfd55d29dc3f4cb07143b570a50df389b0bd41da94c8c90ff11ebba86fb6,2,train,news_technical,-0.003978727,1.0,0.042016983,0.5502450447529554,False
3ffce267b1c52eb5fe5b59cecc4e9a376be35eb45f1aa10e65a835b5996e0d53,0,train,news_technical,0.0,1.0,0.051074635,0.484690198302269,False
3ffce267b1c52eb5fe5b59cecc4e9a376be35eb45f1aa10e65a835b5996e0d53,1,train,news_technical,0.0,1.0,0.051834323,0.484690198302269,False
3ffce267b1c52eb5fe5b59cecc4e9a376be35eb45f1aa10e65a835b5996e0d53,2,train,news_technical,0.0,1.0,0.051520612,0.484690198302269,False
44c4899aeb1b6e7344a2b0ec81b44aca9988f40df5a12c45081eeee451a3284a,0,train,news_technical,0.0005767593,1.0,0.03662412,0.4464333683252334,True
44c4899aeb1b6e7344a2b0ec81b44aca9988f40df5a12c45081eeee451a3284a,1,train,news_technical,0.0005767593,1.0,0.0371991,0.4464333683252334,True
44c4899aeb1b6e7344a2b0ec81b44aca9988f40df5a12c45081eeee451a3284a,2,train,news_technical,0.0005767593,1.0,0.037203766,0.4464333683252334,True
44ec72bbd6818788b88d2de5c19b9e4e47bdd1bd4a0f655915a2e6cb6e86200d,0,train,news_technical,0.0025658787,1.0,0.046706855,0.6319312810897827,False
44ec72bbd6818788b88d2de5c19b9e4e47bdd1bd4a0f655915a2e6cb6e86200d,1,train,news_technical,0.0025658787,1.0,0.04661317,0.6319312810897827,False
44ec72bbd6818788b88d2de5c19b9e4e47bdd1bd4a0f655915a2e6cb6e86200d,2,train,news_technical,-0.0,1.0,0.044763587,0.6769683927297592,False
46a352ef635c568fbaa64185ebd3f98a528801411094048b7b7e6045e03d0672,0,train,news_technical,-0.0,1.0,0.04896091,0.4042998254299164,False
46a352ef635c568fbaa64185ebd3f98a528801411094048b7b7e6045e03d0672,1,train,news_technical,-0.0,1.0,0.049820445,0.4042998254299164,False
46a352ef635c568fbaa64185ebd3f98a528801411094048b7b7e6045e03d0672,2,train,news_technical,-0.0,1.0,0.049659453,0.4042998254299164,False
4923cc7bc68e60a94539a6eea4db2beb01da6582b84713b0f7c02ad409e05ec7,0,train,news_technical,-0.022886017,1.0,0.044683114,0.5083176642656326,False
4923cc7bc68e60a94539a6eea4db2beb01da6582b84713b0f7c02ad409e05ec7,1,train,news_technical,-0.022886017,1.0,0.044091158,0.5071428008377552,False
4923cc7bc68e60a94539a6eea4db2beb01da6582b84713b0f7c02ad409e05ec7,2,train,news_technical,-0.022886017,1.0,0.044800956,0.5083176642656326,False
4d67848a915d0d51e94119e06c25ec81b6f93cb5b79ead99f7c1366bc3e9a054,0,train,news_technical,0.0,1.0,0.044617087,0.6179333716630936,True
4d67848a915d0d51e94119e06c25ec81b6f93cb5b79ead99f7c1366bc3e9a054,1,train,news_technical,0.0018012455,1.0,0.04641114,0.611528503894806,True
4d67848a915d0d51e94119e06c25ec81b6f93cb5b79ead99f7c1366bc3e9a054,2,train,news_technical,0.0018012455,1.0,0.04649298,0.611528503894806,True
4f935155139068b1886fbe81af3c8591b3a2e9b9d6f75cb6ba74de69726744d4,0,train,news_technical,-0.0,1.0,0.058333818,0.5394243583083153,False
4f935155139068b1886fbe81af3c8591b3a2e9b9d6f75cb6ba74de69726744d4,1,train,news_technical,-0.0,1.0,0.058505625,0.5132116630673409,False
4f935155139068b1886fbe81af3c8591b3a2e9b9d6f75cb6ba74de69726744d4,2,train,news_technical,-0.0,1.0,0.05817341,0.5869049340486526,False
5752cce43f6c9a15915aa0c8cd9b2f0276555c6c2e4067a7b1000cfeb915c75a,0,train,news_technical,0.0061548613,1.0,0.039784305,0.388196037709713,False
5752cce43f6c9a15915aa0c8cd9b2f0276555c6c2e4067a7b1000cfeb915c75a,1,train,news_technical,0.0061548613,1.0,0.039296057,0.3892884492874146,False
5752cce43f6c9a15915aa0c8cd9b2f0276555c6c2e4067a7b1000cfeb915c75a,2,train,news_technical,0.0061548613,1.0,0.040177796,0.388196037709713,False
58db6b2d0755c1f166ceaffb0801ffe32a7b128f6a81bbee8296055c20f2b9e9,0,train,news_technical,0.0,1.0,0.04446096,0.6472998291254044,True
58db6b2d0755c1f166ceaffb0801ffe32a7b128f6a81bbee8296055c20f2b9e9,1,train,news_technical,0.0,1.0,0.04509464,0.4765683323144912,True
58db6b2d0755c1f166ceaffb0801ffe32a7b128f6a81bbee8296055c20f2b9e9,2,train,news_technical,0.0,1.0,0.043746173,0.6472998291254044,True
58fc049980618855c9bdf97ec113d77fb580e88d1b579b0c5f3aa5bdfa9ba365,0,train,news_technical,0.0,1.0,0.043260116,0.4702031582593918,False
58fc049980618855c9bdf97ec113d77fb580e88d1b579b0c5f3aa5bdfa9ba365,1,train,news_technical,0.0,1.0,0.043229148,0.4754467576742172,False
58fc049980618855c9bdf97ec113d77fb580e88d1b579b0c5f3aa5bdfa9ba365,2,train,news_technical,0.0,1.0,0.043260116,0.4702031582593918,False
5c6cd671c98149a2e90f7042473f7b243e285b8999eca313542a55d0a4c16632,0,train,news_technical,0.0,1.0,0.050508905,0.6240350656211376,True
5c6cd671c98149a2e90f7042473f7b243e285b8999eca313542a55d0a4c16632,1,train,news_technical,0.0,1.0,0.050491128,0.6088095977902412,True
5c6cd671c98149a2e90f7042473f7b243e285b8999eca313542a55d0a4c16632,2,train,news_technical,0.0,1.0,0.049728464,0.6219804346561432,True
5d2161eff2e3a337cff1ab50c4bd25ba00633784ace134ae06cbff0bc2fa9791,0,train,news_technical,-0.0,1.0,0.050234992,0.6364995963871479,False
5d2161eff2e3a337cff1ab50c4bd25ba00633784ace134ae06cbff0bc2fa9791,1,train,news_technical,-0.0,1.0,0.049445268,0.6390350632369518,False
5d2161eff2e3a337cff1ab50c4bd25ba00633784ace134ae06cbff0bc2fa9791,2,train,news_technical,-0.0,1.0,0.053011775,0.6324466459453106,False
5f9b00a33985bebebe279ecdc766dbdccb5d3c332c13803698cf6a61077d8e9f,0,train,news_technical,0.06376132,1.0,0.050752383,0.5885440856218338,False
5f9b00a33985bebebe279ecdc766dbdccb5d3c332c13803698cf6a61077d8e9f,1,train,news_technical,0.06376132,1.0,0.051150985,0.5885440856218338,False
5f9b00a33985bebebe279ecdc766dbdccb5d3c332c13803698cf6a61077d8e9f,2,train,news_technical,0.06376132,1.0,0.051150985,0.5885440856218338,False
5fa51ffc8b398406b46815b9a1a5ef6f8483f378e5af48fb67f52bf0ca5276d1,0,train,news_technical,0.0,1.0,0.049876235,0.5715804398059845,False
5fa51ffc8b398406b46815b9a1a5ef6f8483f378e5af48fb67f52bf0ca5276d1,1,train,news_technical,0.0,1.0,0.050809078,0.5389079988002777,False
5fa51ffc8b398406b46815b9a1a5ef6f8483f378e5af48fb67f52bf0ca5276d1,2,train,news_technical,0.0059433323,1.0,0.050966926,0.5522710338234902,False
64fe518677c97db8fa2516387d630c72643203afad8fd6b9d8a9f9e930d20763,0,train,news_technical,0.0,1.0,0.051519975,0.5406077116727829,True
64fe518677c97db8fa2516387d630c72643203afad8fd6b9d8a9f9e930d20763,1,train,news_technical,0.0,1.0,0.050870407,0.5410580605268478,True
64fe518677c97db8fa2516387d630c72643203afad8fd6b9d8a9f9e930d20763,2,train,news_technical,0.0,1.0,0.050138373,0.5436955943703652,True
6559bfb42567ef24c56fd37c9cc8f2074f91cd8ec9c464b96763be5bb8a3ec5c,0,train,news_technical,-0.0,1.0,0.043596573,0.6991569370031356,False
6559bfb42567ef24c56fd37c9cc8f2074f91cd8ec9c464b96763be5bb8a3ec5c,1,train,news_technical,-0.0,1.0,0.043399416,0.6773568719625473,False
6559bfb42567ef24c56fd37c9cc8f2074f91cd8ec9c464b96763be5bb8a3ec5c,2,train,news_technical,-0.0,1.0,0.043596573,0.6991569370031356,False
6596759aca70a0a71799c7189de78e3d234e4710fb1dc5e8bc744507d3747c9e,0,train,news_technical,0.0,1.0,0.051524237,0.6453928291797638,True
6596759aca70a0a71799c7189de78e3d234e4710fb1dc5e8bc744507d3747c9e,1,train,news_technical,0.0,1.0,0.05258212,0.6453928291797638,True
6596759aca70a0a71799c7189de78e3d234e4710fb1dc5e8bc744507d3747c9e,2,train,news_technical,0.0,1.0,0.051729307,0.6453928291797638,True
671479a42485b27bffb6e1c393ea444dc256646af6b404d8d4e28e7c3b3ec11d,0,train,news_technical,-0.0,1.0,0.050068736,0.6774769335985183,False
671479a42485b27bffb6e1c393ea444dc256646af6b404d8d4e28e7c3b3ec11d,1,train,news_technical,-0.0,1.0,0.05071824,0.671354877948761,False
671479a42485b27bffb6e1c393ea444dc256646af6b404d8d4e28e7c3b3ec11d,2,train,news_technical,-0.0,1.0,0.04874222,0.6835096269845963,False
67b6b6fdb03f3f7a4b46d8bff91a3b28a232a97cfb9460bb34df4b25c4143e55,0,train,news_technical,-0.0,1.0,0.048397757,0.649016509950161,False
67b6b6fdb03f3f7a4b46d8bff91a3b28a232a97cfb9460bb34df4b25c4143e55,1,train,news_technical,-0.0,1.0,0.047927316,0.6636541336774826,False
67b6b6fdb03f3f7a4b46d8bff91a3b28a232a97cfb9460bb34df4b25c4143e55,2,train,news_technical,-0.0,1.0,0.047405396,0.6521960362792015,False
68611fda573cba79829c7d0b2763cd6a3f32955cb13eef438f10400745951620,0,train,news_technical,0.0,1.0,0.050398737,0.6463080614805221,False
68611fda573cba79829c7d0b2763cd6a3f32955cb13eef438f10400745951620,1,train,news_technical,0.0,1.0,0.050398737,0.6463080614805221,False
68611fda573cba79829c7d0b2763cd6a3f32955cb13eef438f10400745951620,2,train,news_technical,0.0,1.0,0.051601782,0.6463080614805221,False
6864c8ff9ca2c9ae85ca4ca44dcc11cda52ef90906310babbc2cf0c570e80317,0,train,news_technical,0.00057591026,1.0,0.049663343,0.5355819016695023,True
6864c8ff9ca2c9ae85ca4ca44dcc11cda52ef90906310babbc2cf0c570e80317,1,train,news_technical,0.00057591026,1.0,0.049663343,0.5355819016695023,True
6864c8ff9ca2c9ae85ca4ca44dcc11cda52ef90906310babbc2cf0c570e80317,2,train,news_technical,0.00057591026,1.0,0.049663343,0.5355819016695023,True
68d17fed320c1027d15345f72f9d86331dd1359f2ccfc6729ba03435b5dc7a4a,0,train,news_technical,0.0101861935,1.0,0.055576146,0.5859141014516354,False
68d17fed320c1027d15345f72f9d86331dd1359f2ccfc6729ba03435b5dc7a4a,1,train,news_technical,0.0101861935,1.0,0.055474658,0.5859141014516354,False
68d17fed320c1027d15345f72f9d86331dd1359f2ccfc6729ba03435b5dc7a4a,2,train,news_technical,0.0101861935,1.0,0.055576146,0.5859141014516354,False
697c91caae87f091ed6dcdb0f39a28f1f96a3d2e92db4c27d1206456a3af8e11,0,train,technical_only,-0.008681023,1.0,0.047996666,0.2962884500622749,False
697c91caae87f091ed6dcdb0f39a28f1f96a3d2e92db4c27d1206456a3af8e11,1,train,technical_only,-0.008681023,1.0,0.04917816,0.4962884500622749,False
697c91caae87f091ed6dcdb0f39a28f1f96a3d2e92db4c27d1206456a3af8e11,2,train,technical_only,-0.008681023,1.0,0.047996666,0.2962884500622749,False
6b4b1067282550e7b652bdc400683e1387ba492b49062e07cb1d12e46dcea435,0,train,news_technical,0.0,1.0,0.053540442,0.6542780995368958,False
6b4b1067282550e7b652bdc400683e1387ba492b49062e07cb1d12e46dcea435,1,train,news_technical,0.0,1.0,0.052920375,0.6502058535814286,False
6b4b1067282550e7b652bdc400683e1387ba492b49062e07cb1d12e46dcea435,2,train,news_technical,0.0,1.0,0.052669775,0.669105076789856,False
6f97f7d990037350a39ff35d48af24fc62de3333ca3022e58a833b81c7a3dc6e,0,train,news_technical,0.0,1.0,0.051852822,0.4639041274785995,False
6f97f7d990037350a39ff35d48af24fc62de3333ca3022e58a833b81c7a3dc6e,1,train,news_technical,0.0,1.0,0.05146767,0.5639041274785995,False
6f97f7d990037350a39ff35d48af24fc62de3333ca3022e58a833b81c7a3dc6e,2,train,news_technical,0.0,1.0,0.051145256,0.5639041274785995,False
703d583e806fde64d04365f85598a2b3417480d3e25092c031ba11a53ca3fb52,0,train,news_technical,-0.0,1.0,0.05623669,0.6621928334236145,True
703d583e806fde64d04365f85598a2b3417480d3e25092c031ba11a53ca3fb52,1,train,news_technical,-0.0,1.0,0.05628687,0.6621928334236145,True
703d583e806fde64d04365f85598a2b3417480d3e25092c031ba11a53ca3fb52,2,train,news_technical,0.00028910217,1.0,0.056436498,0.6671928346157074,True
75d51edcee60e9c1556a131ec859dc00b929f7c4709966629f0329ba854c50cb,0,train,news_technical,-0.0,1.0,0.049055975,0.5801313370466232,False
75d51edcee60e9c1556a131ec859dc00b929f7c4709966629f0329ba854c50cb,1,train,news_technical,-0.0,1.0,0.047814883,0.5801313370466232,False
75d51edcee60e9c1556a131ec859dc00b929f7c4709966629f0329ba854c50cb,2,train,news_technical,-0.0,1.0,0.049055975,0.5801313370466232,False
7bab7aedb1ed80f0c54c4dfea5b493ea0b3f729dd2d114895ef050f15f553f48,0,train,news_technical,0.0,1.0,0.041118596,0.4214769393205643,True
7bab7aedb1ed80f0c54c4dfea5b493ea0b3f729dd2d114895ef050f15f553f48,1,train,news_technical,0.0,1.0,0.04072623,0.4244649648666382,True
7bab7aedb1ed80f0c54c4dfea5b493ea0b3f729dd2d114895ef050f15f553f48,2,train,news_technical,0.0,1.0,0.041118596,0.4214769393205643,True
7bb5bdc2285daf755ab2bce23ad00dbb98a80c9a1853791e140ed3bd02671d0b,0,train,news_technical,-0.01017106,1.0,0.047067206,0.5015178062021732,False
7bb5bdc2285daf755ab2bce23ad00dbb98a80c9a1853791e140ed3bd02671d0b,1,train,news_technical,-0.01017106,1.0,0.047396548,0.5015178062021732,False
7bb5bdc2285daf755ab2bce23ad00dbb98a80c9a1853791e140ed3bd02671d0b,2,train,news_technical,0.0,1.0,0.04755414,0.5026926696300507,False
7bb95a7cda80ff2450c9755fe4dc208e2b9e99ea9ee3eb7366fdb90ffc4b27e7,0,train,news_technical,0.0,1.0,0.058340866,0.4114649534225464,True
7bb95a7cda80ff2450c9755fe4dc208e2b9e99ea9ee3eb7366fdb90ffc4b27e7,1,train,news_technical,0.0,1.0,0.059385594,0.4057381249964237,True
7bb95a7cda80ff2450c9755fe4dc208e2b9e99ea9ee3eb7366fdb90ffc4b27e7,2,train,news_technical,0.0,1.0,0.05831092,0.4176107078790664,True
7e4604656557e65333f14e185ccb272cf31e35880dd3af221b88f9eae55b9a49,0,train,news_technical,-0.0,1.0,0.045091953,0.5486014820635319,False
7e4604656557e65333f14e185ccb272cf31e35880dd3af221b88f9eae55b9a49,1,train,news_technical,-0.0,1.0,0.044878345,0.5371427871286869,False
7e4604656557e65333f14e185ccb272cf31e35880dd3af221b88f9eae55b9a49,2,train,news_technical,-0.0,1.0,0.045091953,0.5486014820635319,False
813d6f43aea0016ed21c5bd27416d62289b5978fe1841ad21d3f59b679bcb9f1,0,train,news_technical,0.0,1.0,0.055281166,0.5709804356098175,False
813d6f43aea0016ed21c5bd27416d62289b5978fe1841ad21d3f59b679bcb9f1,1,train,news_technical,0.0,1.0,0.055281166,0.5709804356098175,False
813d6f43aea0016ed21c5bd27416d62289b5978fe1841ad21d3f59b679bcb9f1,2,train,news_technical,0.0,1.0,0.055167314,0.5709804356098175,False
86f97f034c6226fff5e177f7c473bab708f64b4cc22171e06b0d1bbd47601540,0,train,news_technical,0.0032464403,1.0,0.052385546,0.5474333673715591,False
86f97f034c6226fff5e177f7c473bab708f64b4cc22171e06b0d1bbd47601540,1,train,news_technical,0.0032464403,1.0,0.052963447,0.5410284996032715,False
86f97f034c6226fff5e177f7c473bab708f64b4cc22171e06b0d1bbd47601540,2,train,news_technical,0.0032464403,1.0,0.05275733,0.5474333673715591,False
88bc9e91b648f1836afaea73fb54dd4cd7f5b53f0e5c8483122e84a8a540c98a,0,train,news_technical,-0.0,1.0,0.05764728,0.4147374175488948,False
88bc9e91b648f1836afaea73fb54dd4cd7f5b53f0e5c8483122e84a8a540c98a,1,train,news_technical,-0.0,1.0,0.05729988,0.4189132146537304,False
88bc9e91b648f1836afaea73fb54dd4cd7f5b53f0e5c8483122e84a8a540c98a,2,train,news_technical,-0.0,1.0,0.057218414,0.4189132146537304,False
8b9bbe63b897cbbc4649530df31e7fea73a0085ed5dd3abe2d4fbb156fd06396,0,train,news_technical,-0.011352,1.0,0.05421055,0.5830809339880944,False
8b9bbe63b897cbbc4649530df31e7fea73a0085ed5dd3abe2d4fbb156fd06396,1,train,news_technical,-0.011352,1.0,0.05421055,0.5830809339880944,False
8b9bbe63b897cbbc4649530df31e7fea73a0085ed5dd3abe2d4fbb156fd06396,2,train,news_technical,-0.011352,1.0,0.05421055,0.5830809339880944,False
9417426efc4dc4804db4ca2637217955c6e985ae3c56fde44808c399d5479298,0,train,news_technical,0.013327258,1.0,0.042597055,0.4666541308164597,False
9417426efc4dc4804db4ca2637217955c6e985ae3c56fde44808c399d5479298,1,train,news_technical,0.013327258,1.0,0.042597055,0.4666541308164597,False
9417426efc4dc4804db4ca2637217955c6e985ae3c56fde44808c399d5479298,2,train,news_technical,0.013327258,1.0,0.042597055,0.4666541308164597,False
94f270c6b635c53420b29452377b934e0424ad449441d5804f179bef576a6e62,0,train,news_technical,0.0,1.0,0.05771876,0.6711107194423676,True
94f270c6b635c53420b29452377b934e0424ad449441d5804f179bef576a6e62,1,train,news_technical,0.0,1.0,0.059858322,0.632799831032753,True
94f270c6b635c53420b29452377b934e0424ad449441d5804f179bef576a6e62,2,train,news_technical,0.0,1.0,0.05781671,0.6711107194423676,True
9bd2c8eb60441bbf0968e9ad91d9ace38393159e9ad340a1955d0ec9f9fcb8e7,0,train,news_technical,-0.0,1.0,0.043876883,0.5336914490908384,False
9bd2c8eb60441bbf0968e9ad91d9ace38393159e9ad340a1955d0ec9f9fcb8e7,1,train,news_technical,-0.0,1.0,0.042923354,0.5336914490908384,False
9bd2c8eb60441bbf0968e9ad91d9ace38393159e9ad340a1955d0ec9f9fcb8e7,2,train,news_technical,-0.0,1.0,0.04266549,0.5294180084019899,False
a36c96873a8096bcb40cbf1d8946ee500a96c1aa01d0dd7ba88bf9ccdd35dcbe,0,train,news_technical,-0.0077115907,1.0,0.04512552,0.433931279182434,False
a36c96873a8096bcb40cbf1d8946ee500a96c1aa01d0dd7ba88bf9ccdd35dcbe,1,train,news_technical,-0.0077115907,1.0,0.044737786,0.4611928284168243,False
a36c96873a8096bcb40cbf1d8946ee500a96c1aa01d0dd7ba88bf9ccdd35dcbe,2,train,news_technical,-0.0077115907,1.0,0.044809554,0.4735591799020767,False
a4c6972b58ac717569956c329b6d45c6e921b49f4c86320353a0743d7b453d43,0,train,news_technical,-0.0,1.0,0.04739617,0.5925268448889256,False
a4c6972b58ac717569956c329b6d45c6e921b49f4c86320353a0743d7b453d43,1,train,news_technical,-0.0,1.0,0.04769566,0.5925268448889256,False
a4c6972b58ac717569956c329b6d45c6e921b49f4c86320353a0743d7b453d43,2,train,news_technical,-0.0,1.0,0.04796834,0.6228754580020904,False
a66dabe5d0a0ff57d3c299e7f13be5c287b6456c4a11fa3952784fb5f694bc3b,0,train,news_technical,-0.0,1.0,0.048361536,0.6256261549890041,False
a66dabe5d0a0ff57d3c299e7f13be5c287b6456c4a11fa3952784fb5f694bc3b,1,train,news_technical,-0.0,1.0,0.048254415,0.6305268444120884,False
a66dabe5d0a0ff57d3c299e7f13be5c287b6456c4a11fa3952784fb5f694bc3b,2,train,news_technical,-0.0,1.0,0.04835639,0.6256261549890041,False
a66e77a10e8e78269a53130c5fa417ffd29698458de39cb55a4decaadfeebf7c,0,train,news_technical,0.015978357,1.0,0.049347334,0.6685019314289093,False
a66e77a10e8e78269a53130c5fa417ffd29698458de39cb55a4decaadfeebf7c,1,train,news_technical,0.015978357,1.0,0.049100284,0.6685019314289093,False
a66e77a10e8e78269a53130c5fa417ffd29698458de39cb55a4decaadfeebf7c,2,train,news_technical,0.015978357,1.0,0.049100284,0.6685019314289093,False
a6e9cf5a31cc16093991fffa71750c91254209388d883180f6a36fa841b282b4,0,train,news_technical,0.019958206,1.0,0.051880833,0.6597917422652244,False
a6e9cf5a31cc16093991fffa71750c91254209388d883180f6a36fa841b282b4,1,train,news_technical,0.019958206,1.0,0.051880833,0.6597917422652244,False
a6e9cf5a31cc16093991fffa71750c91254209388d883180f6a36fa841b282b4,2,train,news_technical,0.019958206,1.0,0.0513784,0.6597917422652244,False
aa83236241790736dac8e2330dc0c8a96c32c00ecc72099ae01f6cd4d4458475,0,train,news_technical,0.0,1.0,0.048850346,0.6398118436336517,False
aa83236241790736dac8e2330dc0c8a96c32c00ecc72099ae01f6cd4d4458475,1,train,news_technical,0.0,1.0,0.048544873,0.6505429774522782,False
aa83236241790736dac8e2330dc0c8a96c32c00ecc72099ae01f6cd4d4458475,2,train,news_technical,0.0,1.0,0.04955074,0.6505429774522782,False
ab3c3915989c84852a0ac4ec214f42c187a3ae171ee2d806a024388bffadae4f,0,train,news_technical,0.0,1.0,0.042291243,0.642966702580452,False
ab3c3915989c84852a0ac4ec214f42c187a3ae171ee2d806a024388bffadae4f,1,train,news_technical,0.0,1.0,0.041877437,0.642966702580452,False
ab3c3915989c84852a0ac4ec214f42c187a3ae171ee2d806a024388bffadae4f,2,train,news_technical,0.0,1.0,0.041524127,0.642966702580452,False
abcbe17a3231def239773ed02f5a7ea3a39f2d66fa216bb85bb2a9ca0cd4dc99,0,train,news_technical,-0.0,1.0,0.0532526,0.5326121896505356,False
abcbe17a3231def239773ed02f5a7ea3a39f2d66fa216bb85bb2a9ca0cd4dc99,1,train,news_technical,-0.0,1.0,0.053187735,0.5132965594530106,False
abcbe17a3231def239773ed02f5a7ea3a39f2d66fa216bb85bb2a9ca0cd4dc99,2,train,news_technical,-0.0,1.0,0.04942595,0.4429531544446945,False
af2ed17dd97c7174c2e9edab7e8783da16d02e7021a742c5ed244142993b1604,0,train,news_technical,-0.0056313053,1.0,0.054939482,0.4501928269863128,True
af2ed17dd97c7174c2e9edab7e8783da16d02e7021a742c5ed244142993b1604,1,train,news_technical,-0.0056313053,1.0,0.056119677,0.4501928269863128,True
af2ed17dd97c7174c2e9edab7e8783da16d02e7021a742c5ed244142993b1604,2,train,news_technical,-0.0056313053,1.0,0.055245735,0.4501928269863128,True
b2fe0f8e8f7f30c2d12de56c6c9999f5e90f0a38b3a860a916ceb1bafd693508,0,train,news_technical,0.0,1.0,0.04920902,0.5511839650571346,False
b2fe0f8e8f7f30c2d12de56c6c9999f5e90f0a38b3a860a916ceb1bafd693508,1,train,news_technical,0.0,1.0,0.04860663,0.5511839650571346,False
b2fe0f8e8f7f30c2d12de56c6c9999f5e90f0a38b3a860a916ceb1bafd693508,2,train,news_technical,0.0,1.0,0.0486142,0.5511839650571346,False
b6b6ae10b342f809fcdf778847e54b5167c59017288d03ab5a2960d321ae6218,0,train,news_technical,0.0,1.0,0.03985155,0.6893972814083099,False
b6b6ae10b342f809fcdf778847e54b5167c59017288d03ab5a2960d321ae6218,1,train,news_technical,0.0,1.0,0.03985155,0.6893972814083099,False
b6b6ae10b342f809fcdf778847e54b5167c59017288d03ab5a2960d321ae6218,2,train,news_technical,0.0,1.0,0.03980964,0.6893972814083099,False
b905c3222e47a7ed73f3ac2bf31bc315b8cdb89a132507a23b39b6729f05c219,0,train,news_technical,-0.0022780977,1.0,0.053547364,0.5404792875051498,False
b905c3222e47a7ed73f3ac2bf31bc315b8cdb89a132507a23b39b6729f05c219,1,train,news_technical,-0.0022780977,1.0,0.054766584,0.5404792875051498,False
b905c3222e47a7ed73f3ac2bf31bc315b8cdb89a132507a23b39b6729f05c219,2,train,news_technical,-0.0,1.0,0.052364245,0.5482503809034824,False
bb7c7e24ad539d6d1f242e4ca6dcb28bbeb5ed4f0819ad8a66b6ea6c9833acae,0,train,news_technical,-0.0056021875,1.0,0.047157165,0.5645676665008068,True
bb7c7e24ad539d6d1f242e4ca6dcb28bbeb5ed4f0819ad8a66b6ea6c9833acae,1,train,news_technical,-0.0056021875,1.0,0.04866336,0.5418774150311947,True
bb7c7e24ad539d6d1f242e4ca6dcb28bbeb5ed4f0819ad8a66b6ea6c9833acae,2,train,news_technical,-0.0056021875,1.0,0.04874028,0.5418774150311947,True
bc5afa4d01c4499a76967586f013cb8d407765467840ffd280722a91996c56bb,0,train,news_technical,0.0,1.0,0.048463397,0.5464333683252335,False
bc5afa4d01c4499a76967586f013cb8d407765467840ffd280722a91996c56bb,1,train,news_technical,0.0,1.0,0.04734822,0.4580897569656372,False
bc5afa4d01c4499a76967586f013cb8d407765467840ffd280722a91996c56bb,2,train,news_technical,0.0,1.0,0.048111465,0.5580897569656372,False
bf0b7c40eb0a690252f6364d54ab73861ea3f28385f993e617614f14386a4a39,0,train,news_technical,-0.020967847,1.0,0.042283595,0.6079312808811664,False
bf0b7c40eb0a690252f6364d54ab73861ea3f28385f993e617614f14386a4a39,1,train,news_technical,-0.020967847,1.0,0.04235155,0.4079312808811665,False
bf0b7c40eb0a690252f6364d54ab73861ea3f28385f993e617614f14386a4a39,2,train,news_technical,-0.020967847,1.0,0.04235276,0.6079312808811664,False
c24e8452177b186badb06cc257dd609eda79002c350abcce74dda327d43752bd,0,train,news_technical,-0.0061588534,1.0,0.05319681,0.4446960434317589,False
c24e8452177b186badb06cc257dd609eda79002c350abcce74dda327d43752bd,1,train,news_technical,-0.0061588534,1.0,0.0511568,0.4561541408300399,False
c24e8452177b186badb06cc257dd609eda79002c350abcce74dda327d43752bd,2,train,news_technical,-0.0061588534,1.0,0.052135788,0.4446960434317589,False
c38e2e37a8dac4e2e030a34f7087a256ec3be4cef47df060fb3cb64ceee20c77,0,train,news_technical,0.0,1.0,0.04839262,0.5590897560119629,False
c38e2e37a8dac4e2e030a34f7087a256ec3be4cef47df060fb3cb64ceee20c77,1,train,news_technical,0.0,1.0,0.04817556,0.5364471763372421,False
c38e2e37a8dac4e2e030a34f7087a256ec3be4cef47df060fb3cb64ceee20c77,2,train,news_technical,0.0,1.0,0.04860062,0.5364471763372421,False
c46da7900ee4fa4e857d15945953aab5188b96dbb9143763e2f3ce7a3f248b89,0,train,news_technical,-0.0,1.0,0.044273954,0.6346910864114761,False
c46da7900ee4fa4e857d15945953aab5188b96dbb9143763e2f3ce7a3f248b89,1,train,news_technical,-0.0,1.0,0.04384307,0.6346910864114761,False
c46da7900ee4fa4e857d15945953aab5188b96dbb9143763e2f3ce7a3f248b89,2,train,news_technical,-0.0,1.0,0.044273954,0.6346910864114761,False
c563755fa3184e313343992c30895f210fb039a53df1c789c2e9834b453282c1,0,train,news_technical,-0.0078084054,1.0,0.049747027,0.5502450447529554,False
c563755fa3184e313343992c30895f210fb039a53df1c789c2e9834b453282c1,1,train,news_technical,0.0,1.0,0.050572295,0.5462706368416548,False
c563755fa3184e313343992c30895f210fb039a53df1c789c2e9834b453282c1,2,train,news_technical,0.0,1.0,0.048662476,0.5634875427931547,False
cc45625b8d205c4f027b04ff25ae3ba5911c16e46dabccaeffe04d9d227cc1aa,0,train,news_technical,0.0,1.0,0.049012415,0.656875467300415,False
cc45625b8d205c4f027b04ff25ae3ba5911c16e46dabccaeffe04d9d227cc1aa,1,train,news_technical,0.0,1.0,0.049012415,0.656875467300415,False
cc45625b8d205c4f027b04ff25ae3ba5911c16e46dabccaeffe04d9d227cc1aa,2,train,news_technical,0.0,1.0,0.0491326,0.6174134269356728,False
ce4ed75d33888fd3ee868a614e6b7403ddf1515fdfe30abe7acf2a263dcc2f75,0,train,news_technical,0.0,1.0,0.051171906,0.5662410408258438,False
ce4ed75d33888fd3ee868a614e6b7403ddf1515fdfe30abe7acf2a263dcc2f75,1,train,news_technical,0.0,1.0,0.051171906,0.5662410408258438,False
ce4ed75d33888fd3ee868a614e6b7403ddf1515fdfe30abe7acf2a263dcc2f75,2,train,news_technical,0.0,1.0,0.051171906,0.5662410408258438,False
ceb1df1f8babaca13fd814491899cda1d919ceaab07cd97d5ab0848ce269dfb5,0,train,news_technical,-0.0,1.0,0.0549345,0.5499804355204105,False
ceb1df1f8babaca13fd814491899cda1d919ceaab07cd97d5ab0848ce269dfb5,1,train,news_technical,-0.0,1.0,0.0549345,0.5499804355204105,False
ceb1df1f8babaca13fd814491899cda1d919ceaab07cd97d5ab0848ce269dfb5,2,train,news_technical,-0.0,1.0,0.054360986,0.547738129645586,False
d37484cf73de6e81a0560ba4b2825ce903d9491af913bb64566989054649332e,0,train,news_technical,-0.0040938444,1.0,0.049313363,0.4037917479872703,False
d37484cf73de6e81a0560ba4b2825ce903d9491af913bb64566989054649332e,1,train,news_technical,-0.0040938444,1.0,0.051136076,0.4095285058021545,False
d37484cf73de6e81a0560ba4b2825ce903d9491af913bb64566989054649332e,2,train,news_technical,-0.0040938444,1.0,0.049313363,0.4037917479872703,False
d73e2ccf9fae3ce7ae02181c642174c8cbeecd2a6a6d3af7f053be007b8eb291,0,train,news_technical,0.0,1.0,0.053733405,0.5053092278540134,True
d73e2ccf9fae3ce7ae02181c642174c8cbeecd2a6a6d3af7f053be007b8eb291,1,train,news_technical,0.0,1.0,0.05424735,0.5053092278540134,True
d73e2ccf9fae3ce7ae02181c642174c8cbeecd2a6a6d3af7f053be007b8eb291,2,train,news_technical,0.0,1.0,0.053504024,0.5007350631058216,True
d910945c0124fa879482a8aac265f2abc0fd2523d7a2a10faf0932f2284cc36d,0,train,news_technical,-0.013061434,1.0,0.050945476,0.6070165082812309,False
d910945c0124fa879482a8aac265f2abc0fd2523d7a2a10faf0932f2284cc36d,1,train,news_technical,-0.013061434,1.0,0.049261287,0.4070165082812309,False
d910945c0124fa879482a8aac265f2abc0fd2523d7a2a10faf0932f2284cc36d,2,train,news_technical,-0.013061434,1.0,0.05050331,0.4070165082812309,False
dbfca10ca0cb5aef34d618ca6dea2f66a31f69396a690357d318ec05fafe13de,0,train,news_technical,-0.0,1.0,0.051408425,0.6601928293704986,False
dbfca10ca0cb5aef34d618ca6dea2f66a31f69396a690357d318ec05fafe13de,1,train,news_technical,0.003535279,1.0,0.051656168,0.6601928293704986,False
dbfca10ca0cb5aef34d618ca6dea2f66a31f69396a690357d318ec05fafe13de,2,train,news_technical,-0.0,1.0,0.05167145,0.6601928293704986,False
e059369bd53a5e66dd82448b3266929f2a21f95f81e2d8328818ddbaf9f63593,0,train,news_technical,-0.010585781,1.0,0.047411196,0.5006285041570664,False
e059369bd53a5e66dd82448b3266929f2a21f95f81e2d8328818ddbaf9f63593,1,train,news_technical,-0.0,1.0,0.04718819,0.5022060170769691,False
e059369bd53a5e66dd82448b3266929f2a21f95f81e2d8328818ddbaf9f63593,2,train,news_technical,-0.010585781,1.0,0.04705476,0.5006285041570664,False
e0800a7c023da822734e0274acf762352a70dca5fbc12db4dbc4d7746252ff86,0,train,news_technical,0.0,1.0,0.053645395,0.5416274957358838,False
e0800a7c023da822734e0274acf762352a70dca5fbc12db4dbc4d7746252ff86,1,train,news_technical,0.0,1.0,0.05367411,0.5371261559426784,False
e0800a7c023da822734e0274acf762352a70dca5fbc12db4dbc4d7746252ff86,2,train,news_technical,0.0,1.0,0.053349294,0.5371261559426784,False
e08670d85e1350279ee7284a202c9af1d453c7244eb644eeb30fee3d05ac9b1f,0,train,news_technical,-0.0,1.0,0.046129744,0.6519891202449799,False
e08670d85e1350279ee7284a202c9af1d453c7244eb644eeb30fee3d05ac9b1f,1,train,news_technical,-0.0,1.0,0.04587068,0.6501960322260857,False
e08670d85e1350279ee7284a202c9af1d453c7244eb644eeb30fee3d05ac9b1f,2,train,news_technical,-0.0,1.0,0.046129744,0.6519891202449799,False
e1657456325f22de058f7247c6513609313a5943fd9132f8f571fc5cae4e4965,0,train,news_technical,-0.010676661,1.0,0.043315403,0.6250284999608994,False
e1657456325f22de058f7247c6513609313a5943fd9132f8f571fc5cae4e4965,1,train,news_technical,-0.010676661,1.0,0.043627057,0.6250284999608994,False
e1657456325f22de058f7247c6513609313a5943fd9132f8f571fc5cae4e4965,2,train,news_technical,-0.010676661,1.0,0.04468453,0.6250284999608994,False
e3b687d17df056517baf99177507ea7aa5cd25dd97a7fb5adbed68c9389729d6,0,train,news_technical,0.0,1.0,0.042805124,0.5270714648067951,False
e3b687d17df056517baf99177507ea7aa5cd25dd97a7fb5adbed68c9389729d6,1,train,news_technical,0.0,1.0,0.042466722,0.5270714648067951,False
e3b687d17df056517baf99177507ea7aa5cd25dd97a7fb5adbed68c9389729d6,2,train,news_technical,0.0,1.0,0.042805124,0.5270714648067951,False
e66fabbe3d4956c9d6dd593b34e648989077669777a0f840c36701ddf666ea92,0,train,news_technical,-0.010236127,1.0,0.045593645,0.4677410461008549,False
e66fabbe3d4956c9d6dd593b34e648989077669777a0f840c36701ddf666ea92,1,train,news_technical,-0.010236127,1.0,0.04549816,0.4677410461008549,False
e66fabbe3d4956c9d6dd593b34e648989077669777a0f840c36701ddf666ea92,2,train,news_technical,-0.010236127,1.0,0.04709531,0.4677410461008549,False
ebfe044cbbd02b7832a3b83f411dc8959b93a8d95175015eae61e7973d732344,0,train,news_technical,-0.0013929772,1.0,0.047959186,0.6037142455577851,True
ebfe044cbbd02b7832a3b83f411dc8959b93a8d95175015eae61e7973d732344,1,train,news_technical,-0.0013929772,1.0,0.048407987,0.5989970117807388,True
ebfe044cbbd02b7832a3b83f411dc8959b93a8d95175015eae61e7973d732344,2,train,news_technical,-0.0013929772,1.0,0.047904693,0.6019312858581543,True
f396a11f95fcc103fd0e7a0501d339f9910fddd063d76c798ad9b417954cb222,0,train,news_technical,-0.06046335,1.0,0.054519415,0.3972784984856844,False
f396a11f95fcc103fd0e7a0501d339f9910fddd063d76c798ad9b417954cb222,1,train,news_technical,-0.06046335,1.0,0.054673314,0.3972784984856844,False
f396a11f95fcc103fd0e7a0501d339f9910fddd063d76c798ad9b417954cb222,2,train,news_technical,-0.06046335,1.0,0.054526057,0.3972784984856844,False
f55e9e263c519fd324c5ce070f7aaaeee62f05b1f659afea9503b04af090cbc6,0,train,news_technical,0.0,1.0,0.052846193,0.5245574280619621,False
f55e9e263c519fd324c5ce070f7aaaeee62f05b1f659afea9503b04af090cbc6,1,train,news_technical,0.0,1.0,0.05293773,0.5245574280619621,False
f55e9e263c519fd324c5ce070f7aaaeee62f05b1f659afea9503b04af090cbc6,2,train,news_technical,0.0,1.0,0.053642914,0.4245574280619621,False
f7c342cc5eba91d73da8e479292f141658c0e90aa575333f94e343897ae6ac43,0,train,news_technical,-0.012920498,1.0,0.049958784,0.5995285004377365,False
f7c342cc5eba91d73da8e479292f141658c0e90aa575333f94e343897ae6ac43,1,train,news_technical,-0.012920498,1.0,0.050798267,0.5995285004377365,False
f7c342cc5eba91d73da8e479292f141658c0e90aa575333f94e343897ae6ac43,2,train,news_technical,-0.012920498,1.0,0.051017668,0.6001003034412861,False
f932d8621cc5581d5f94cdca41b95adb0b757dc34b91225d35550fcf7b10f275,0,train,news_technical,-0.0,1.0,0.05009176,0.5430284976959229,False
f932d8621cc5581d5f94cdca41b95adb0b757dc34b91225d35550fcf7b10f275,1,train,news_technical,-0.0,1.0,0.05009176,0.5430284976959229,False
f932d8621cc5581d5f94cdca41b95adb0b757dc34b91225d35550fcf7b10f275,2,train,news_technical,-0.0,1.0,0.050720714,0.5636261135339737,False
f984e9c484da463ee598b97820444bdbc42f225ee6cb87bf76039dfa806da09d,0,train,news_technical,0.0,1.0,0.049077936,0.6513900384306908,False
f984e9c484da463ee598b97820444bdbc42f225ee6cb87bf76039dfa806da09d,1,train,news_technical,0.0,1.0,0.049175918,0.6418884515762329,False
f984e9c484da463ee598b97820444bdbc42f225ee6cb87bf76039dfa806da09d,2,train,news_technical,0.0,1.0,0.049175918,0.6418884515762329,False
fa369225208f5a8201e942395828bcd5d1143464c61e64b74e9334c6c05fbdd4,0,train,news_technical,0.0063072275,1.0,0.04129458,0.6050344198942185,False
fa369225208f5a8201e942395828bcd5d1143464c61e64b74e9334c6c05fbdd4,1,train,news_technical,0.0063072275,1.0,0.04216164,0.5848079979419708,False
fa369225208f5a8201e942395828bcd5d1143464c61e64b74e9334c6c05fbdd4,2,train,news_technical,0.0063072275,1.0,0.041626837,0.5848079979419708,False
fdc5392bb94700b7a1a971c0d379c95187d02dad88d483f13d7cad4548f8928a,0,train,news_technical,0.0,1.0,0.045366146,0.5624254733324051,True
fdc5392bb94700b7a1a971c0d379c95187d02dad88d483f13d7cad4548f8928a,1,train,news_technical,0.0,1.0,0.045482658,0.5795473426580429,True
fdc5392bb94700b7a1a971c0d379c95187d02dad88d483f13d7cad4548f8928a,2,train,news_technical,0.0,1.0,0.045018166,0.5624254733324051,True
